Feature,Importance
ED,0.6258565
Expenditure,0.0013166674
Irate,0.0013516261
Population,0.07158423
Tax,0.0014564801
Trade,0.0041890917
First_sector_Inv,0.29424536
