Feature,Importance
ED,0.122185335
Expenditure,0.04247719
Irate,0.02595091
Population,0.52179307
Tax,0.019489005
Trade,0.07642285
First_sector_Inv,0.19168162
