Feature,Coefficient
ED,-0.6349869031487633
Expenditure,-0.02333256892669856
Irate,0.013428583194314371
Population,0.9950633223419003
Tax,0.0017218076105001501
Trade,-0.046680863192926136
First_sector_Inv,0.6342092523736793
